taxon;matched.taxon;abbr
Elyna myosuroides;Kobresia myosuroides;kobr myos
Campanula tatrae;Campanula tatrae s.lat;camp tatr slat
Dactylina madreporiformis;Allocetraria madreporiformis;allo madr
Rhodiola rosea;Rhodiola rosea;rhod rose a
Oxytropis halleri;Oxytropis halleri s.lat;oxyt hall slat
Primula minima;Primula minima;prim mini
Ligusticum mutettinoides;Pachypleurum mutellinoides;pach mute
Agrostis alpina;Agrostis alpina s.str.;agro alpi
Thymus alpestris;Thymus alpestris;thym alpe
Carex fuliginosa;Carex fuliginosa;care fuli
Poa alpina;Poa alpina;poa alpi
Oxytropis carpatica;Oxytropis carpatica;oxyt carp
Luzula mutabilis;Luzula spicata ssp. conglomerata;luzu spic cong
NA;NA;NA
Androsace chamaejasme;Androsace chamaejasme;andr cham
Cerastium eriophorum;Cerastium eriophorum;cera erio
Minuartia sedoides;Minuartia sedoides;minu sedo
Saxifraga paniculata;Saxifraga paniculata;saxi pani
Arenaria tenella;Arenaria tenella;aren tene
Antennaria carpatica;Antennaria carpatica;ante carp
Draba aizoides;Draba aizoides ssp. zmudae;drab aizo zmud
NA;NA;NA
Carex capilaris;Carex capillaris;care capi
Saxifraga oppositifolia;Saxifraga oppositifolia s.lat.;saxi oppo slat
Myosotis alpestris;Myosotis alpestris;myos alpe
Kobresia simpliciuscula;Kobresia simpliciuscula;kobr simp
Carex atrata;Carex atrata;care atra
Sedum atratum;Sedum atratum s.lat.;sedu atra slat
NA;NA;NA
Lloydia serotina;Lloydia serotina;lloy sero
Comastoma tenellum;Comastoma tenellum;coma tene
Pedicularis oederi;Pedicularis oederi;pedi oede
Minuartia gerardii;Minuartia gerardii;minu gera
Aster alpinus;Aster alpinus;aste alpi
Gentiana nivalis;Gentiana nivalis;gent niva
Draba fladnizensis;Draba fladnizensis;drab flad
Erigeron hungaricus;Erigeron hungaricus;erig hung
Saussurea alpina;Saussurea alpina;saus alpi
Astragalus alpinus;Astragalus alpinus;astr alpi alpi
Dryas octopetala;Dryas octopetala;drya octo
NA;NA;NA
Bistorta vivipara;Persicaria vivipara;pers vivi
Silene acaulis;Silene acaulis s.lat.;sile acau slat
Thamnolia vermicularis;Thamnolia vermicularis var. vermicularis;tham verm verm
Rhodax alpestris;Helianthemum alpestre;heli alpe
Vulpicida tubulosus;Vulpicida tubulosus;vulp tubu
Alectoria ochroleuca;Alectoria ochroleuca;alec ochr
Carex firma;Carex firma;care firm
Ranunculus alpestris;Ranunculus alpestris s.str.;ranu alpe
Saxifraga aizoides;Saxifraga aizoides;saxi aizo
Saussurea pygmaea;Saussurea pygmaea;saus pygm
Chamorchis alpina;Chamorchis alpina;cham alpi
NA;NA;NA
Ranunculus breyninus;Ranunculus breyninus;ranu brey
Galium anisophyllon;Galium anisophyllon;gali anis
Trisetum alpestre;Trisetum alpestre;tris alpe
Bupleurum ranunculoides;Bupleurum ranunculoides;bupl ranu
Euphrasia salisburgensis;Euphrasia salisburgensis s.str.;euph sali
Astragalus australis;Astragalus australis;astr aust alis
Gentianella tatrae;Gentianella lutescens ssp. tatrae;gent lute tatr
Carex tatrorum;Carex sempervirens subsp. tatrorum;care semp tato
Phyteuma orbiculare;Phyteuma orbiculare s.str.;phyt orbi
Tephroseris capitata;Tephroseris integrifolia subsp. capitata;teph inte capi
Astragalus frigidus;Astragalus frigidus;astr frig frig
Sesleria tatrae;Sesleria sadlerana ssp. tatrae;sesl sadl tatr
Selaginella selaginoides;Selaginella selaginoides;sela sela
Thymus sudeticus;Thymus pulcherrimus subsp. sudeticus;thmy pulc sude
NA;NA;NA
Festuca versicolor;Festuca versicolor ssp. pallidula;fest vers pall
Hedysarum hedysaroides;Hedysarum hedysaroides ssp. hedysaroides;hedy hedy hedy
Saxifraga moschata;Saxifraga moschata;saxi mosc
Bartsia alpina;Bartsia alpina;bart alpi
Leontodon pseudotaraxaci;Scorzoneroides pseudotaraxaci;scor pseu
NA;NA;NA
Festuca supina;Festuca supina;fest supi
Oreochloa disticha;Oreochloa disticha;oreo dist
Cetraria cucullata;Flavocetraria cucullata;flav cucu
Cetraria islandica;Cetraria islandica ssp. islandica;cetr isla isla
Cladonia gracilis;Cladonia gracilis;clad grac
Juncus trifidus;Juncus trifidus s.str.;junc trif
Cetraria nivalis;Flavocetraria nivalis;flav niva
Avenula versicolor;Avenula versicolor;aven vers
Campanula alpina;Campanula alpina;camp alpi
NA;NA;NA
Primula hungarica;Primula auricula ssp. hungarica;prim auri hung
Artemisia eriantha;Artemisia eriantha;arte eri
Campanula cochlearifolia;Campanula cochleariifolia;camp coch
Leontopodium alpinum;Leontopodium alpinum;leon alpi
Androsace lactea;Androsace lactea;andr lact
Draba tomentosa;Draba tomentosa;drab tome
NA;NA;NA
Tortella tortuosa;Tortella tortuosa;tort tort
Ditrichum flexicaule;Ditrichum flexicaule;ditr flex
NA;NA;NA
Viola biflora;Viola biflora;viol bifl
Draba siliquosa;Draba siliquosa;drab sili
Draba dubia;Draba dubia;drab dubi
Saxifraga wahlenbergii;Saxifraga wahlenbergii;saxi wahl
Anthoxanthum alpinum;Anthoxanthum alpinum;anth alpi
Delphinium oxysepalum;Delphinium oxysepalum;delp oxys
Draba × sturii Strobel;Draba × sturii;drab ×stu
Poa laxa;Poa laxa;poa laxa
Poa carpatica;Poa carpatica s.lat.;poa carp
Salix retusa;Salix retusa s.str.;sali retu
Saxifraga bryoides;Saxifraga bryoides;saxi bryo
Salix sp.;Salix sp.;sali spec ies
NA;NA;NA
Cladonia pyxidata s.l.;Cladonia pyxidata;clad pyxi
Physconia muscigena;Physconia muscigena var. muscigena;phys musc musci
Myurella julacea;Myurella julacea;myur jula
Mycobilimbia lobulata;Bilimbia lobulata;bili lobu
Encalypta alpina;Encalypta alpina;enca alpi
Psora decipiens;Psora decipiens;psor deci
Ochrolechia upsaliensis;Ochrolechia upsaliensis;ochr upsa
Ctenidium procerrimum;Hypnum procerrimum;hypn proc
Fulgensia bracteata;Fulgensia bracteata var. bracteata;fulg brac brac
Hypnum vaucheri;Brachythecium tommasinii;brac tomm
Caloplaca ammiospila;Caloplaca ammiospila;calo ammi
Rhytidium rugosum;Rhytidium rugosum;rhyt rugo
Entodon concinnus;Entodon concinnus;ento conc
Hypnum revolutum;Hypnum revolutum;hypn revo
Mnium thomsonii;Mnium thomsonii;mniu thom
Distichium inclinatum;Distichium inclinatum;dist incl
Phaeorrhiza nimbosa;Phaeorrhiza nimbosa;phae nimb
NA;NA;NA
Grimmia sp.;Grimmia sp.;grim spec ies
Squamarina gypsacea;Squamarina gypsacea;squa gyps
Encalypta ciliata;Encalypta ciliata;enca cili
Plagiochila porelloides;Plagiochila porelloides;plag pore
Cetraria aculeata et muricata;Cetraria muricata;cetr muri
Campylium stelatum;Campylium stellatum;camp stel
Lecanora epibryon;Lecanora epibryon var. epibryon;leca epib epib
Solorina sp.;Solorina sp.;solo spec ies
Toninia sp.;Toninia sp.;toni spec ies
Cladonia coccifera;Cladonia coccifera;clad cocc
Caloplaca sp.;Caloplaca sp.;calo spec ies
Cladonia furcata;Cladonia furcata ssp. furcata;clad furc furc
Anaptychia bryorum;Anaptychia bryorum;anap bryo
Hypogymnia physodes;Hypogymnia physodes;hypo phys
Polytrichum alpinum;Polytrichum alpinum;poly alpi
Pseudevernia furfuracea;Pseudevernia furfuracea s.lat.;pseu furf slat
Grimmia funalis;Grimmia funalis;grim funa
Hypnum cupressiforme;Hypnum cupressiforme;hypn cupr
Anaptychia sp.;Anaptychia sp.;anap spec ies
Leptogium sp.;Leptogium sp.;lept spec ies
Megaspora verrucosa;Megaspora verrucosa;mega verr
Schistidium apocarpum;Schistidium apocarpum;schi apoc
Stegonia latifolia;Stegonia latifolia s.lat.;steg lati slat
Ctenidium molluscum;Ctenidium molluscum s.lat.;cten moll slat
Didymodon giganteus;Didymodon giganteus;didy giga
Hypogymnia sp.;Hypogymnia sp.;hypo spec ies
Lecidea lurida;Romuljaria lurida;romu luri
Encalypta streptocarpa;Encalypta streptocarpa;enca stre
Racomitrium canescens;Racomitrium canescens s.lat.;raco cane slat
Thelopsis melathelia;Thelopsis melathelia;thel mela
Hypnum sp.;Hypnum sp.;hypn spec ies
Lecidoma demissum;Lecidoma demissum;leci demi
Caloplaca chloroleuca;Caloplaca stillicidiorum;calo stil
Peltigera rufescens;Peltigera rufescens;pelt rufe
Protoblastenia terricola;Protoblastenia terricola;prot terr
Pertusaria glomerata;Pertusaria glomerata;pert glom
Bryoria bicolor;Bryoria bicolor;bryo bico
Polytrichum piliferum;Polytrichum piliferum;poly pili
Bryoria sp.;Bryoria sp.;bryo spec ies
Cladonia bellidiflora;Cladonia bellidiflora;clad bell
Parmelia omphalodes;Parmelia omphalodes s.lat.;parm omph slat
Sphaerophorus fragilis;Sphaerophorus fragilis;spha frag
Toninia opuntioides;Toninia opuntioides;toni opun
Caloplaca epiphyta;Caloplaca xanthostigmoidea;calo xant
Dermatocarpon miniatum;Dermatocarpon miniatum s.lat.;derm mini slat
Diploschistes gypsaceus;Diploschistes gypsaceus;dipl gyps
Encalypta rhaptocarpa;Encalypta rhaptocarpa;enca rhat
Marsupella sp.;Marsupella sp.;mars spec ies
Schistidium atrofuscum;Schistidium atrofuscum;schi atro
Umbilicaria cylindrica;Umbilicaria cylindrica s.lat.;umbi cyli slat
Xanthoria sorediata;Xanthoria sorediata;xant sore
NA;NA;NA
Anoectangium sp.;Anoectangium sp.;anoe spec ies
Physcia caesia;Physcia caesia s.lat.;phys caes slat
Plagiobryum demissum;Plagiobryum demissum;plag demi
Pseudoleskeella catenulata;Pseudoleskeella catenulata;pseu cate
Myurella tenerrima;Myurella tenerrima;myur tene
Collema sp.;Collema sp.;coll spec ies
Dermatocarpon sp.;Dermatocarpon sp.;derm spec ies
Cladonia pocillum;Cladonia pocillum;clad poci
Toninia sedifolia;Toninia sedifolia;toni sedi
Xanthoria elegans;Xanthoria elegans var. elegans;xant eleg eleg
